-- phpMyAdmin SQL Dump
-- version 5.2.1
-- https://www.phpmyadmin.net/
--
-- Host: 127.0.0.1
-- Generation Time: Apr 17, 2025 at 07:20 AM
-- Server version: 10.4.32-MariaDB
-- PHP Version: 8.1.25

SET SQL_MODE = "NO_AUTO_VALUE_ON_ZERO";
START TRANSACTION;
SET time_zone = "+00:00";


/*!40101 SET @OLD_CHARACTER_SET_CLIENT=@@CHARACTER_SET_CLIENT */;
/*!40101 SET @OLD_CHARACTER_SET_RESULTS=@@CHARACTER_SET_RESULTS */;
/*!40101 SET @OLD_COLLATION_CONNECTION=@@COLLATION_CONNECTION */;
/*!40101 SET NAMES utf8mb4 */;

--
-- Database: `sft2018_mybankpassbook`
--

-- --------------------------------------------------------

--
-- Table structure for table `state_wise_bank_holiday`
--

CREATE TABLE `state_wise_bank_holiday` (
  `holiday_id` int(11) NOT NULL,
  `holiday_reason` varchar(150) DEFAULT NULL,
  `day` varchar(100) DEFAULT NULL,
  `date` varchar(255) DEFAULT NULL,
  `states` text DEFAULT NULL,
  `created_at` datetime NOT NULL DEFAULT current_timestamp(),
  `updated_at` datetime NOT NULL DEFAULT current_timestamp() ON UPDATE current_timestamp()
) ENGINE=InnoDB DEFAULT CHARSET=utf8mb4 COLLATE=utf8mb4_general_ci;

--
-- Dumping data for table `state_wise_bank_holiday`
--

INSERT INTO `state_wise_bank_holiday` (`holiday_id`, `holiday_reason`, `day`, `date`, `states`, `created_at`, `updated_at`) VALUES
(1, 'Second Saturday Bank Holiday', 'Saturday', '2025-01-11', '1,2,3,4,6,7,8,9,10,11,12,13,14,15,16,17,18,19,20,21,22,23,25,26,27,28,29,30,31,32,33,34,35,36', '2025-04-16 16:37:43', '2025-04-17 10:30:46'),
(2, 'Pongal', 'Wednesday', '2025-01-15', '2', '2025-04-16 16:37:43', '2025-04-16 16:37:43'),
(3, 'Kanuma Panduga', 'Thursday', '2025-01-16', '2', '2025-04-16 16:37:43', '2025-04-16 16:37:43'),
(4, 'Fourth Saturday Bank Holiday', 'Saturday', '2025-01-25', '1,2,3,4,6,7,8,9,10,11,12,13,15,16,17,18,19,20,21,22,23,24,25,26,27,28,29,30,31,32,33,34,35,36', '2025-04-16 16:37:43', '2025-04-17 10:12:23'),
(5, 'Republic Day', 'Sunday', '2025-01-26', '1,2,3,4,5,6,7,8,9,10,11,12,13,14,15,16,17,18,19,20,21,22,23,26,27,28,29,30,31,32,33,34,35,36', '2025-04-16 16:37:43', '2025-04-17 10:12:23'),
(6, 'Magh Bihu', 'Wednesday', '2025-01-15', '4', '2025-04-16 16:37:43', '2025-04-16 16:37:43'),
(7, 'Second Saturday Bank Holiday', 'Saturday', '2025-02-08', '1,2,3,4,5,6,7,8,9,10,11,12,13,14,15,16,17,18,19,20,21,22,23,24,25,26,27,28,29,30,31,32,33,34,35,36', '2025-04-16 16:37:43', '2025-04-17 10:12:23'),
(8, 'Fourth Saturday Bank Holiday', 'Saturday', '2025-02-22', '1,2,3,4,5,6,7,8,9,10,11,12,13,14,15,16,17,18,19,20,21,22,23,25,26,27,28,29,30,31,32,33,34,35,36', '2025-04-16 16:37:43', '2025-04-17 10:12:23'),
(9, 'Maha Shivaratri', 'Wednesday', '2025-02-26', '2,6,7,8,9,10,11,12,13,14,18,19,20,21,26,28,29,31,32,33,34,35', '2025-04-16 16:37:43', '2025-04-17 10:06:46'),
(10, 'State Day', 'Thursday', '2025-02-20', '3', '2025-04-16 16:37:43', '2025-04-16 16:37:43'),
(11, 'Guru Ravidas Jayanti', 'Wednesday', '2025-02-12', '6,13,14,28', '2025-04-16 16:37:43', '2025-04-17 09:33:13'),
(12, 'Second Saturday Bank Holiday', 'Saturday', '2025-03-08', '1,2,3,4,5,6,7,8,9,10,11,12,13,14,15,16,17,18,19,20,21,22,23,24,25,26,27,28,29,30,31,32,33,34,35,36', '2025-04-16 16:37:43', '2025-04-17 10:12:23'),
(13, 'Holi', 'Friday', '2025-03-14', '1,2,3,4,6,7,8,9,10,11,12,13,14,15,16,19,20,21,23,24,25,26,28,30,31,33,34,35', '2025-04-16 16:37:43', '2025-04-17 10:06:46'),
(14, 'Fourth Saturday Bank Holiday', 'Saturday', '2025-03-22', '1,2,3,4,6,7,8,9,10,11,12,13,14,15,16,17,18,19,20,21,22,23,24,25,26,27,28,29,30,31,32,33,34,35,36', '2025-04-16 16:37:43', '2025-04-17 10:12:23'),
(15, 'Ugadi', 'Sunday', '2025-03-30', '2,9,12,15,17', '2025-04-16 16:37:43', '2025-04-16 17:21:57'),
(16, 'Idul Fitr', 'Monday', '2025-03-31', '1,2,3,4,6,7,8,9,11,12,13,14,17,18,19,20,21,22,23,24,25,26,27,28,30,33,34,35,36', '2025-04-16 16:37:43', '2025-04-17 10:12:23'),
(17, 'Bihar Day', 'Friday', '2025-03-22', '5', '2025-04-16 16:37:43', '2025-04-16 16:37:43'),
(18, 'Holi', 'Monday', '2025-03-25', '5', '2025-04-16 16:37:43', '2025-04-16 16:37:43'),
(19, 'Good Friday', 'Friday', '2025-03-29', '5', '2025-04-16 16:37:43', '2025-04-16 16:37:43'),
(20, 'Babu Jagjivan Ram Jayanti', 'Friday', '2025-04-05', '2', '2025-04-16 16:37:43', '2025-04-16 16:37:43'),
(21, 'Bohag Bihu', 'Monday', '2025-04-14', '4', '2025-04-16 16:37:43', '2025-04-16 16:37:43'),
(22, 'Bohag Bihu Holiday', 'Wednesday', '2025-04-16', '4', '2025-04-16 16:37:43', '2025-04-16 16:37:43'),
(23, 'Ram Navami', 'Sunday', '2025-04-06', '1,2,3,7,8,9,10,12,13,14,15,21,26,28,30,31,32,34,35', '2025-04-16 16:37:43', '2025-04-17 10:06:46'),
(24, 'Second Saturday Bank Holiday', 'Saturday', '2025-04-12', '1,2,3,4,5,6,7,8,9,10,11,12,13,14,15,16,17,18,19,20,21,22,23,24,25,26,27,28,29,30,31,32,33,34,35,36', '2025-04-16 16:37:43', '2025-04-17 10:12:23'),
(25, 'Dr Ambedkar Jayanti', 'Monday', '2025-04-14', '2,6,7,9,11,12,13,14,17,34,35', '2025-04-16 16:37:43', '2025-04-17 10:06:46'),
(26, 'Good Friday', 'Friday', '2025-04-18', '1,2,3,4,6,7,8,9,10,11,12,14,16,17,18,19,20,21,22,23,24,25,26,27,28,30,31,32,33,34,35,36', '2025-04-16 16:37:43', '2025-04-17 10:12:24'),
(27, 'Fourth Saturday Bank Holiday', 'Saturday', '2025-04-26', '1,2,3,4,5,6,7,8,9,10,11,12,13,14,15,16,17,18,19,20,21,22,23,24,25,26,27,28,29,30,31,32,33,34,35,36', '2025-04-16 16:37:43', '2025-04-17 10:12:24'),
(28, 'May Day', 'Thursday', '2025-05-01', '4,5,11,17,18,22,27,28,30,32,33,36', '2025-04-16 16:37:43', '2025-04-17 10:12:24'),
(29, 'Second Saturday Bank Holiday', 'Saturday', '2025-05-10', '1,2,3,4,5,6,7,8,9,10,11,12,13,14,15,16,17,18,19,20,21,22,23,24,25,26,27,28,30,31,32,33,34,35,36', '2025-04-16 16:37:43', '2025-04-17 10:12:24'),
(30, 'Buddha Purnima', 'Monday', '2025-05-12', '1,3,6,7,10,14,15,16,20,21,24,33,34,35,36', '2025-04-16 16:37:43', '2025-04-17 10:12:24'),
(31, 'Fourth Saturday Bank Holiday', 'Saturday', '2025-05-24', '1,2,3,4,5,6,7,8,9,10,11,12,13,14,17,19,20,21,22,23,24,25,26,27,28,30,31,32,33,34,35,36', '2025-04-16 16:37:43', '2025-04-17 10:12:24'),
(32, 'Second Saturday Bank Holiday', 'Saturday', '2025-06-14', '1,2,3,4,5,6,7,8,9,10,11,12,13,14,15,16,17,18,19,20,21,22,23,24,25,27,28,29,30,31,32,33,34,35,36', '2025-04-16 16:37:43', '2025-04-17 10:12:24'),
(33, 'Bakrid / Eid al Adha', 'Monday', '2025-06-17', '2,3,5,11', '2025-04-16 16:37:43', '2025-04-16 16:44:14'),
(34, 'Bakrid / Eid al Adha', 'Monday', '2025-06-09', '4', '2025-04-16 16:37:43', '2025-04-16 16:37:43'),
(35, 'Fourth Saturday Bank Holiday', 'Saturday', '2025-06-28', '1,2,3,4,5,6,7,8,9,10,11,12,13,14,15,16,17,18,20,21,22,23,24,25,26,27,28,29,30,31,32,33,34,35,36', '2025-04-16 16:37:43', '2025-04-17 10:12:24'),
(36, 'Muharram', 'Sunday', '2025-07-06', '1,2,3,6,7,8,9,10,12,14,15,16,17,19,20,21,24,26,27,28,29,32,33,36', '2025-04-16 16:37:43', '2025-04-17 10:12:24'),
(37, 'Second Saturday Bank Holiday', 'Saturday', '2025-07-12', '1,2,3,4,5,6,7,8,9,10,11,12,13,14,15,16,17,18,19,20,21,22,23,24,25,26,27,28,29,30,31,32,33,34,35,36', '2025-04-16 16:37:43', '2025-04-17 10:12:24'),
(38, 'Muharram', 'Wednesday', '2025-07-17', '5', '2025-04-16 16:37:43', '2025-04-16 16:37:43'),
(39, 'Fourth Saturday Bank Holiday', 'Saturday', '2025-07-26', '1,2,3,4,5,6,7,8,9,10,11,12,13,14,15,16,17,18,19,20,21,22,23,24,25,26,27,28,29,30,31,32,33,34,35,36', '2025-04-16 16:37:43', '2025-04-17 10:12:24'),
(40, 'Second Saturday Bank Holiday', 'Saturday', '2025-08-09', '1,2,3,4,5,6,7,8,11,14,15,16,17,19,20,21,22,23,24,25,26,27,28,30,32,33,36', '2025-04-16 16:37:43', '2025-04-17 10:12:24'),
(41, 'Independence Day', 'Friday', '2025-08-15', '1,2,3,4,5,6,7,8,9,10,11,12,13,14,15,16,17,18,19,20,21,22,23,24,25,26,27,28,29,30,31,32,33,34,35,36', '2025-04-16 16:37:43', '2025-04-17 10:12:24'),
(42, 'Janmashtami', 'Saturday', '2025-08-16', '1,2,6,7,8,9,10,11,12,13,14,20,22,23,25,26,27,28,29,30,32,33,34,35', '2025-04-16 16:37:43', '2025-04-17 10:06:47'),
(43, 'Janmashtami', 'Monday', '2025-08-26', '5', '2025-04-16 16:37:43', '2025-04-16 16:37:43'),
(44, 'Fourth Saturday Bank Holiday', 'Saturday', '2025-08-23', '1,2,3,4,6,7,8,9,10,11,12,13,14,17,19,20,21,22,23,24,25,26,27,28,29,30,31,32,33,34,35,36', '2025-04-16 16:37:43', '2025-04-17 10:12:24'),
(45, 'Ganesh Chaturthi', 'Wednesday', '2025-08-27', '2,8,9,11,12,17,19,21,26,27,32', '2025-04-16 16:37:43', '2025-04-17 09:51:20'),
(46, 'Eid e Milad', 'Friday', '2025-09-05', '2,7,8,9,10,12,13,17,19,21,24,25,26,33,34,35', '2025-04-16 16:37:43', '2025-04-17 10:06:47'),
(47, 'Second Saturday Bank Holiday', 'Saturday', '2025-09-13', '1,2,3,4,5,6,7,8,9,10,11,12,13,14,15,16,17,19,20,21,22,23,24,25,26,27,28,29,30,31,32,33,34,35,36', '2025-04-16 16:37:43', '2025-04-17 10:12:24'),
(48, 'Fourth Saturday Bank Holiday', 'Saturday', '2025-09-27', '1,2,3,4,5,6,7,8,9,10,11,12,13,14,15,16,17,19,20,21,22,23,24,25,26,27,28,29,30,31,32,33,34,35', '2025-04-16 16:37:43', '2025-04-17 10:06:47'),
(49, 'Maha Saptami', 'Monday', '2025-09-29', '4,21,26,33,36', '2025-04-16 16:37:43', '2025-04-17 10:12:24'),
(50, 'Maha Ashtami', 'Tuesday', '2025-09-30', '2,4,16,21,22,26,29,30,32,33,36', '2025-04-16 16:37:43', '2025-04-17 10:12:24'),
(51, 'Maha Navami', 'Wednesday', '2025-10-01', '2,3,4,16,17,21,23,25,26,27,30,33,36', '2025-04-16 16:37:43', '2025-04-17 10:12:24'),
(52, 'Gandhi Jayanti', 'Thursday', '2025-10-02', '1,2,3,4,5,6,7,8,9,10,11,12,13,14,20,21,22,23,24,25,26,27,29,30,31,33,34,35,36', '2025-04-16 16:37:43', '2025-04-17 10:12:24'),
(53, 'Maha Navmi', 'Saturday', '2025-10-12', '5', '2025-04-16 16:37:43', '2025-04-16 16:37:43'),
(54, 'Second Saturday Bank Holiday', 'Saturday', '2025-10-11', '1,2,3,4,5,6,7,8,9,10,11,12,13,14,15,16,17,19,20,21,22,23,24,25,26,27,28,29,30,31,32,33,34,35,36', '2025-04-16 16:37:43', '2025-04-17 10:12:24'),
(55, 'Vijaya Dashmi', 'Sunday', '2025-10-13', '5', '2025-04-16 16:37:43', '2025-04-16 16:37:43'),
(56, 'Kati Bihu', 'Saturday', '2025-10-18', '4', '2025-04-16 16:37:43', '2025-04-16 16:37:43'),
(57, 'Diwali', 'Tuesday', '2025-10-21', '1,2,3,4,5,6,7,8,9,10,11,12,13,14,15,16,17,20,21,24,25,26,27,30,32,34,35,36', '2025-04-16 16:37:43', '2025-04-17 10:12:24'),
(58, 'Govardhan Puja', 'Wednesday', '2025-10-22', '6,8,19', '2025-04-16 16:37:43', '2025-04-16 17:42:12'),
(59, 'Fourth Saturday Bank Holiday', 'Saturday', '2025-10-25', '1,2,3,4,5,6,7,8,9,10,11,12,13,14,15,16,17,18,19,20,21,22,23,24,25,26,27,28,29,30,31,32,33,34,35,36', '2025-04-16 16:37:43', '2025-04-17 10:12:24'),
(60, 'Chhath Puja', 'Monday', '2025-10-27', '7,8,16', '2025-04-16 16:37:43', '2025-04-16 17:16:00'),
(61, 'Guru Nanak Jayanti', 'Wednesday', '2025-11-05', '1,3,6,7,9,10,12,13,14,15,16,20,24,25,28,29,34,35,36', '2025-04-16 16:37:43', '2025-04-17 10:12:24'),
(62, 'Chhath Puja', 'Thursday', '2025-11-07', '5,7', '2025-04-16 16:37:43', '2025-04-16 16:37:43'),
(63, 'Second Saturday Bank Holiday', 'Saturday', '2025-11-08', '1,2,3,4,5,6,7,8,9,10,11,12,13,14,15,16,17,18,19,20,21,22,23,24,25,26,27,28,29,30,32,33,34,35,36', '2025-04-16 16:37:43', '2025-04-17 10:12:24'),
(64, 'Fourth Saturday Bank Holiday', 'Saturday', '2025-11-22', '1,2,3,4,5,6,7,8,10,11,13,14,15,16,17,18,19,20,21,22,23,24,25,26,27,28,29,30,31,32,33,34,35,36', '2025-04-16 16:37:43', '2025-04-17 10:12:24'),
(65, 'Indigenous Faith Day', 'Sunday', '2025-12-01', '3', '2025-04-16 16:37:43', '2025-04-16 16:37:43'),
(66, 'Second Saturday Bank Holiday', 'Saturday', '2025-12-13', '1,2,3,4,5,6,7,8,9,10,11,12,13,14,15,16,17,19,20,21,22,23,24,25,26,27,28,29,30,31,32,33,34,35,36', '2025-04-16 16:37:43', '2025-04-17 10:12:24'),
(67, 'Christmas Day', 'Thursday', '2025-12-25', '1,2,3,5,6,7,8,9,10,11,12,13,14,17,18,19,20,21,22,23,24,26,27,28,29,30,31,32,33,34,35,36', '2025-04-16 16:37:43', '2025-04-17 10:12:24'),
(68, 'Christmas', 'Thursday', '2025-12-25', '4,15,16,25', '2025-04-16 16:37:43', '2025-04-16 18:00:01'),
(69, 'Guru Gobind Singh Jayanti', 'Saturday', '2025-12-27', '6,7,13', '2025-04-16 16:37:43', '2025-04-16 16:48:18'),
(70, 'Fourth Saturday Bank Holiday', 'Saturday', '2025-12-27', '1,2,3,4,5,6,7,8,9,10,11,12,14,15,16,17,18,19,20,21,22,23,24,25,26,27,28,29,30,31,32,33,34,35,36', '2025-04-16 16:37:43', '2025-04-17 10:12:24'),
(71, 'Makara Sankranti', 'Tuesday', '2025-01-14', '9,12,17,26', '2025-04-16 16:37:50', '2025-04-16 18:03:24'),
(72, 'Mahavir Jayanti', 'Thursday', '2025-04-10', '9,10,12,13,16,19,20,21,24,28,29,32', '2025-04-16 16:37:50', '2025-04-17 09:51:19'),
(73, 'Maharshi Parasuram Jayanti', 'Tuesday', '2025-04-29', '9,12,13,14', '2025-04-16 16:37:50', '2025-04-16 16:50:17'),
(74, 'Bakrid / Eid al Adha', 'Saturday', '2025-06-07', '9,10,12,13,14,15,16,17,24,25,26,33,34,35,36', '2025-04-16 16:37:50', '2025-04-17 10:12:24'),
(75, 'Raksha Bandhan', 'Saturday', '2025-08-09', '9,10,12,13,29', '2025-04-16 16:37:51', '2025-04-17 09:34:58'),
(76, 'Parsi New Year', 'Saturday', '2025-08-16', '9,12', '2025-04-16 16:37:51', '2025-04-16 16:45:58'),
(77, 'Vijaya Dashami', 'Thursday', '2025-10-02', '9,10,12,13,14,17,20,23,27,29,30,33', '2025-04-16 16:37:51', '2025-04-17 10:00:56'),
(78, 'Vikram Samvat New Year', 'Wednesday', '2025-10-22', '9,10,12', '2025-04-16 16:37:51', '2025-04-16 16:45:58'),
(79, 'Bhai Dooj', 'Thursday', '2025-10-23', '9,10,12,29,30,34,35', '2025-04-16 16:37:51', '2025-04-17 10:06:47'),
(80, 'Sardar Vallabhbhai Patel Jayanti', 'Friday', '2025-10-31', '9,12', '2025-04-16 16:37:51', '2025-04-16 16:45:58'),
(81, 'Fouth Saturday', 'Saturday', '2025-11-22', '9,12', '2025-04-16 16:37:51', '2025-04-16 16:45:58'),
(82, 'Id-ul Fitr', 'Monday', '2025-03-31', '10', '2025-04-16 16:41:28', '2025-04-16 16:41:28'),
(83, 'Ganesh Chaturthi Holiday', 'Thursday', '2025-08-28', '11', '2025-04-16 16:44:14', '2025-04-16 16:44:14'),
(84, 'Feast of St Francis Xavier', 'Wednesday', '2025-12-03', '11', '2025-04-16 16:44:14', '2025-04-16 16:44:14'),
(85, 'Liberation Day', 'Thursday', '2025-12-19', '11', '2025-04-16 16:44:14', '2025-04-16 16:44:14'),
(86, 'Guru Gobind Singh Jayanti', 'Monday', '2025-01-06', '13,15,28,29', '2025-04-16 16:48:16', '2025-04-17 09:34:58'),
(87, 'Vasant Panchami', 'Monday', '2025-02-03', '13,26,33,36', '2025-04-16 16:48:16', '2025-04-17 10:12:23'),
(88, 'S. Bhagat Singh\'s Martyrdom Day', 'Sunday', '2025-03-23', '13', '2025-04-16 16:48:17', '2025-04-16 16:48:17'),
(89, 'Maharana Pratap Jayanti', 'Thursday', '2025-05-29', '13,14,29', '2025-04-16 16:48:17', '2025-04-17 09:34:58'),
(90, 'Sant Guru Kabir Jayanti', 'Wednesday', '2025-06-11', '13,14', '2025-04-16 16:48:17', '2025-04-16 16:50:18'),
(91, 'Haryali Teej', 'Sunday', '2025-07-27', '13', '2025-04-16 16:48:17', '2025-04-16 16:48:17'),
(92, 'Shaheed Udham Singh\'s Martyrdom Day', 'Thursday', '2025-07-31', '13', '2025-04-16 16:48:17', '2025-04-16 16:48:17'),
(93, 'Maharaja Agrasen Jayanti', 'Monday', '2025-09-22', '13', '2025-04-16 16:48:17', '2025-04-16 16:48:17'),
(94, 'Heroes\' Martyrdom Day', 'Tuesday', '2025-09-23', '13', '2025-04-16 16:48:17', '2025-04-16 16:48:17'),
(95, 'Maharishi Valmiki Jayanti', 'Tuesday', '2025-10-07', '13,14,17,28', '2025-04-16 16:48:17', '2025-04-17 09:33:14'),
(96, 'Deepavali Holiday', 'Wednesday', '2025-10-22', '13,34,35', '2025-04-16 16:48:18', '2025-04-17 10:06:47'),
(97, 'Haryana Day', 'Saturday', '2025-11-01', '13', '2025-04-16 16:48:18', '2025-04-16 16:48:18'),
(98, 'Shaheed Udham Singh Jayanti', 'Friday', '2025-12-26', '13', '2025-04-16 16:48:18', '2025-04-16 16:48:18'),
(99, 'State Day', 'Saturday', '2025-01-25', '14', '2025-04-16 16:50:17', '2025-04-16 16:50:17'),
(101, 'Himachal Day', 'Tuesday', '2025-04-15', '14', '2025-04-16 16:50:17', '2025-04-16 16:50:17'),
(102, 'Maha Shivratri', 'Wednesday', '2025-02-26', '15,16', '2025-04-16 17:03:19', '2025-04-16 17:15:59'),
(103, 'Jumat-ul-Wida', 'Friday', '2025-03-28', '15', '2025-04-16 17:03:19', '2025-04-16 17:03:19'),
(104, 'Shab-I-Qadr', 'Friday', '2025-03-28', '15', '2025-04-16 17:03:19', '2025-04-16 17:03:19'),
(105, 'Id-ul-Fitr', 'Monday', '2025-03-31', '15,16', '2025-04-16 17:03:19', '2025-04-16 17:16:00'),
(106, 'Vaisakh', 'Sunday', '2025-04-13', '15', '2025-04-16 17:03:19', '2025-04-16 17:03:19'),
(107, 'Dr. Ambedkar Jayanti', 'Monday', '2025-04-14', '15,16,21,26,30', '2025-04-16 17:03:19', '2025-04-17 09:39:20'),
(108, 'Fourth Saturday Bank Holiday', 'Saturday', '2025-05-25', '15,16', '2025-04-16 17:03:19', '2025-04-16 17:16:00'),
(109, 'Bakrid / Eid al Adha Holiday', 'Sunday', '2025-06-08', '15', '2025-04-16 17:03:19', '2025-04-16 17:03:19'),
(110, 'Guru Hargobind Ji\'s Birthday', 'Thursday', '2025-06-12', '15', '2025-04-16 17:03:19', '2025-04-16 17:03:19'),
(111, 'Janamashtami', 'Saturday', '2025-08-16', '15,16', '2025-04-16 17:03:20', '2025-04-16 17:16:00'),
(112, 'Fourth Saturday Bank Holiday', 'Saturday', '2025-08-26', '15,16', '2025-04-16 17:03:20', '2025-04-16 17:16:00'),
(113, 'Eid-a-Milad', 'Friday', '2025-09-05', '15,16', '2025-04-16 17:03:20', '2025-04-16 17:16:00'),
(114, 'Friday following Eid-a-Milad', 'Friday', '2025-09-12', '15', '2025-04-16 17:03:20', '2025-04-16 17:03:20'),
(115, 'Mahatma Gandhi Jayanti', 'Thursday', '2025-10-02', '15,16,17,18', '2025-04-16 17:03:20', '2025-04-16 17:26:31'),
(116, 'Vijaya Dashmi', 'Thursday', '2025-10-02', '15,16', '2025-04-16 17:03:20', '2025-04-16 17:16:00'),
(117, 'Sheikh Muhammad Abdullah Jayanti', 'Friday', '2025-12-05', '15', '2025-04-16 17:03:20', '2025-04-16 17:03:20'),
(118, 'Netaji Subhas Chandra Bose Jayanti', 'Thursday', '2025-01-23', '16,26,33,36', '2025-04-16 17:15:59', '2025-04-17 10:12:23'),
(119, 'Sarhul', 'Tuesday', '2025-04-01', '16', '2025-04-16 17:16:00', '2025-04-16 17:16:00'),
(120, 'Jharkhand Formation Day', 'Saturday', '2025-11-15', '16', '2025-04-16 17:16:00', '2025-04-16 17:16:00'),
(121, 'Maha Sivaratri', 'Wednesday', '2025-02-26', '17', '2025-04-16 17:21:57', '2025-04-16 17:21:57'),
(122, 'Mahavir Jayanthi', 'Thursday', '2025-04-10', '17', '2025-04-16 17:21:57', '2025-04-16 17:21:57'),
(123, 'Basava Jayanti', 'Wednesday', '2025-04-30', '17', '2025-04-16 17:21:57', '2025-04-16 17:21:57'),
(124, 'Mahalaya Amavasye', 'Sunday', '2025-09-21', '17,21,26,33,36', '2025-04-16 17:21:58', '2025-04-17 10:12:24'),
(125, 'Diwali', 'Monday', '2025-10-20', '17,19,22,23,28,29,33', '2025-04-16 17:21:58', '2025-04-17 10:00:56'),
(126, 'Kannada Rajyotsava', 'Saturday', '2025-11-01', '17', '2025-04-16 17:21:58', '2025-04-16 17:21:58'),
(127, 'Kanakadasa Jayanti', 'Saturday', '2025-11-08', '17', '2025-04-16 17:21:58', '2025-04-16 17:21:58'),
(128, 'New Year\'s Day', 'Wednesday', '2025-01-01', '18,22,23,29,32', '2025-04-16 17:26:30', '2025-04-17 09:51:18'),
(129, 'Mannam Jayanti', 'Thursday', '2025-01-02', '18', '2025-04-16 17:26:30', '2025-04-16 17:26:30'),
(130, 'Pongal', 'Tuesday', '2025-01-14', '18,27,31', '2025-04-16 17:26:30', '2025-04-17 09:48:34'),
(131, 'Vishu', 'Monday', '2025-04-14', '18', '2025-04-16 17:26:30', '2025-04-16 17:26:30'),
(132, 'Easter Sunday', 'Sunday', '2025-04-20', '18,25', '2025-04-16 17:26:30', '2025-04-16 17:59:59'),
(133, 'Fourth Saturday', 'Saturday', '2025-05-24', '18', '2025-04-16 17:26:30', '2025-04-16 17:26:30'),
(134, 'Idul Adha', 'Saturday', '2025-06-07', '18', '2025-04-16 17:26:30', '2025-04-16 17:26:30'),
(135, 'Ayyankali Jayanti', 'Thursday', '2025-08-28', '18', '2025-04-16 17:26:31', '2025-04-16 17:26:31'),
(136, 'Onam', 'Monday', '2025-09-08', '18', '2025-04-16 17:26:31', '2025-04-16 17:26:31'),
(137, 'Thiruvonam', 'Tuesday', '2025-09-09', '18', '2025-04-16 17:26:31', '2025-04-16 17:26:31'),
(138, '3rd Onam', 'Wednesday', '2025-09-10', '18', '2025-04-16 17:26:31', '2025-04-16 17:26:31'),
(139, '4th Onam', 'Thursday', '2025-09-11', '18', '2025-04-16 17:26:31', '2025-04-16 17:26:31'),
(140, 'Janmasthami', 'Sunday', '2025-09-14', '18', '2025-04-16 17:26:31', '2025-04-16 17:26:31'),
(141, 'Sree Narayana Guru Jayanti', 'Sunday', '2025-09-21', '18', '2025-04-16 17:26:31', '2025-04-16 17:26:31'),
(142, 'Mahanavami', 'Thursday', '2025-09-25', '18', '2025-04-16 17:26:31', '2025-04-16 17:26:31'),
(143, 'Vijaydashami', 'Friday', '2025-09-26', '18', '2025-04-16 17:26:31', '2025-04-16 17:26:31'),
(144, 'Second Saturday Bank Holiday', 'Friday', '2025-10-10', '18', '2025-04-16 17:26:31', '2025-04-16 17:26:31'),
(145, 'Kerala Formation Day', 'Saturday', '2025-11-01', '18', '2025-04-16 17:26:31', '2025-04-16 17:26:31'),
(146, 'Second Saturday Bank Holiday', 'Saturday', '2025-12-06', '18', '2025-04-16 17:26:31', '2025-04-16 17:26:31'),
(147, 'Makar Sankranti, Magh Bihu, Pongal, Hazrat Ali\'s Birthday', 'Tuesday', '2025-01-14', '19', '2025-04-16 17:42:11', '2025-04-16 17:42:11'),
(148, 'Budha Purnima', 'Monday', '2025-05-12', '19', '2025-04-16 17:42:11', '2025-04-16 17:42:11'),
(149, 'Fourth Saturday Bank Holiday', 'Saturday', '2025-06-21', '19', '2025-04-16 17:42:12', '2025-04-16 17:42:12'),
(150, 'Janmashtami / Parsi New Year', 'Saturday', '2025-08-16', '19', '2025-04-16 17:42:12', '2025-04-16 17:42:12'),
(151, 'Vijaya Dashami / Gandhi Jayanti', 'Thursday', '2025-10-02', '19', '2025-04-16 17:42:12', '2025-04-16 17:42:12'),
(152, 'Guru Nanak Jayanti', 'Saturday', '2025-11-15', '19', '2025-04-16 17:42:12', '2025-04-16 17:42:12'),
(153, 'Chhatrapati Shivaji Maharaj Jayanti', 'Wednesday', '2025-02-19', '21', '2025-04-16 17:51:17', '2025-04-16 17:51:17'),
(154, 'Gudi Padwa', 'Sunday', '2025-03-30', '21', '2025-04-16 17:51:17', '2025-04-16 17:51:17'),
(155, 'Annual Accounts Closing (Bank Holiday)', 'Tuesday', '2025-04-01', '21,28,29,32', '2025-04-16 17:51:17', '2025-04-17 09:51:19'),
(156, 'Maharashtra Day', 'Thursday', '2025-05-01', '21', '2025-04-16 17:51:18', '2025-04-16 17:51:18'),
(157, 'Bakrid / Eid al-Adha', 'Saturday', '2025-06-07', '21,29,31,32', '2025-04-16 17:51:18', '2025-04-17 09:51:19'),
(158, 'Lakshmi Puja', 'Monday', '2025-10-06', '21,26,33,36', '2025-04-16 17:51:18', '2025-04-17 10:12:24'),
(159, 'Karthika Purnima', 'Wednesday', '2025-11-05', '21,26', '2025-04-16 17:51:18', '2025-04-16 18:03:26'),
(160, 'Gaan-Ngai', 'Sunday', '2025-01-12', '22', '2025-04-16 17:54:15', '2025-04-16 17:54:15'),
(161, 'Lui-Ngai-Ni', 'Saturday', '2025-02-15', '22', '2025-04-16 17:54:15', '2025-04-16 17:54:15'),
(162, 'Yaosang', 'Friday', '2025-03-14', '22', '2025-04-16 17:54:15', '2025-04-16 17:54:15'),
(163, 'Yaosang Secondnd Day', 'Saturday', '2025-03-15', '22', '2025-04-16 17:54:15', '2025-04-16 17:54:15'),
(164, 'Cheiraoba', 'Monday', '2025-04-14', '22', '2025-04-16 17:54:16', '2025-04-16 17:54:16'),
(165, 'Bakrid or Eid al Adha', 'Saturday', '2025-06-07', '22,23', '2025-04-16 17:54:16', '2025-04-16 17:55:39'),
(166, 'Ratha Yathra', 'Friday', '2025-06-27', '22,26', '2025-04-16 17:54:16', '2025-04-16 18:03:25'),
(167, 'Patriots Day', 'Wednesday', '2025-08-13', '22', '2025-04-16 17:54:16', '2025-04-16 17:54:16'),
(168, 'Ningol Chakkouba', 'Friday', '2025-10-24', '22', '2025-04-16 17:54:16', '2025-04-16 17:54:16'),
(169, 'Kut', 'Saturday', '2025-11-01', '22', '2025-04-16 17:54:16', '2025-04-16 17:54:16'),
(170, 'New Year\'s Eve', 'Wednesday', '2025-12-31', '22', '2025-04-16 17:54:16', '2025-04-16 17:54:16'),
(171, 'Behdeinkhlam Festival', 'Monday', '2025-07-14', '23', '2025-04-16 17:55:39', '2025-04-16 17:55:39'),
(172, 'U Tirot Sing Day', 'Thursday', '2025-07-17', '23', '2025-04-16 17:55:39', '2025-04-16 17:55:39'),
(173, 'Wangala Festival', 'Friday', '2025-11-07', '23', '2025-04-16 17:55:40', '2025-04-16 17:55:40'),
(174, 'Seng Kut Snem', 'Sunday', '2025-11-23', '23', '2025-04-16 17:55:40', '2025-04-16 17:55:40'),
(175, 'Pa Togan Nengminza Sangma', 'Friday', '2025-12-12', '23', '2025-04-16 17:55:40', '2025-04-16 17:55:40'),
(176, 'Death Anniversary of U SoSo Tham', 'Thursday', '2025-12-18', '23', '2025-04-16 17:55:40', '2025-04-16 17:55:40'),
(177, 'Christmas Holiday', 'Wednesday', '2025-12-24', '23,24', '2025-04-16 17:55:40', '2025-04-16 17:58:07'),
(178, 'Christmas Holiday', 'Friday', '2025-12-26', '23', '2025-04-16 17:55:40', '2025-04-16 17:55:40'),
(179, 'U Kiang Nangbah', 'Tuesday', '2025-12-30', '23', '2025-04-16 17:55:40', '2025-04-16 17:55:40'),
(180, 'New Year’s Day', 'Wednesday', '2025-01-01', '24', '2025-04-16 17:58:06', '2025-04-16 17:58:06'),
(181, 'New Year Holiday', 'Thursday', '2025-01-02', '24', '2025-04-16 17:58:06', '2025-04-16 17:58:06'),
(182, 'Missionary Day/Second Saturday Bank Holiday', 'Saturday', '2025-01-11', '24', '2025-04-16 17:58:06', '2025-04-16 17:58:06'),
(183, 'Republic Day / Bank holiday', 'Sunday', '2025-01-26', '24', '2025-04-16 17:58:06', '2025-04-16 17:58:06'),
(184, 'Mizoram State Day', 'Thursday', '2025-02-20', '24', '2025-04-16 17:58:06', '2025-04-16 17:58:06'),
(185, 'Second Saturday Bank Holiday', 'Saturday', '2025-02-22', '24', '2025-04-16 17:58:06', '2025-04-16 17:58:06'),
(186, 'Chapchar Kut', 'Friday', '2025-03-07', '24', '2025-04-16 17:58:06', '2025-04-16 17:58:06'),
(187, 'YMA Day/ Sunday Bank Holiday', 'Sunday', '2025-06-15', '24', '2025-04-16 17:58:07', '2025-04-16 17:58:07'),
(188, 'Remna Ni', 'Monday', '2025-06-30', '24', '2025-04-16 17:58:07', '2025-04-16 17:58:07'),
(189, 'Bank Holiday', 'Sunday', '2025-07-27', '24,25', '2025-04-16 17:58:07', '2025-04-16 18:00:00'),
(190, 'Bank Holiday', 'Sunday', '2025-09-28', '24,25', '2025-04-16 17:58:07', '2025-04-16 18:00:00'),
(191, 'Bank Holiday', 'Sunday', '2025-10-26', '24,25', '2025-04-16 17:58:07', '2025-04-16 18:00:00'),
(192, 'Bank Holiday', 'Sunday', '2025-11-23', '24,25', '2025-04-16 17:58:07', '2025-04-16 18:00:00'),
(193, 'New Year Day', 'Wednesday', '2025-01-01', '25', '2025-04-16 17:59:59', '2025-04-16 17:59:59'),
(194, 'Bank Holiday', 'Sunday', '2025-01-12', '25', '2025-04-16 17:59:59', '2025-04-16 17:59:59'),
(195, 'Republic day/ Bank Holiday', 'Sunday', '2025-01-26', '25', '2025-04-16 17:59:59', '2025-04-16 17:59:59'),
(196, 'Bank Holiday', 'Sunday', '2025-02-09', '25', '2025-04-16 17:59:59', '2025-04-16 17:59:59'),
(197, 'Bank Holiday', 'Sunday', '2025-02-23', '25', '2025-04-16 17:59:59', '2025-04-16 17:59:59'),
(198, 'Bank Holiday', 'Sunday', '2025-03-09', '25', '2025-04-16 17:59:59', '2025-04-16 17:59:59'),
(199, 'Bank Holiday', 'Sunday', '2025-03-23', '25', '2025-04-16 17:59:59', '2025-04-16 17:59:59'),
(200, 'Bank Holiday', 'Sunday', '2025-04-13', '25', '2025-04-16 17:59:59', '2025-04-16 17:59:59'),
(201, 'Easter Saturday', 'Saturday', '2025-04-19', '25', '2025-04-16 17:59:59', '2025-04-16 17:59:59'),
(202, 'Bank Holiday', 'Sunday', '2025-04-27', '25', '2025-04-16 17:59:59', '2025-04-16 17:59:59'),
(203, 'Bank Holiday', 'Sunday', '2025-05-11', '25', '2025-04-16 17:59:59', '2025-04-16 17:59:59'),
(204, 'Bank Holiday', 'Sunday', '2025-05-25', '25', '2025-04-16 17:59:59', '2025-04-16 17:59:59'),
(205, 'Bank Holiday', 'Sunday', '2025-06-15', '25', '2025-04-16 17:59:59', '2025-04-16 17:59:59'),
(206, 'Bank Holiday', 'Sunday', '2025-06-29', '25', '2025-04-16 18:00:00', '2025-04-16 18:00:00'),
(207, 'Bank Holiday', 'Sunday', '2025-07-13', '25', '2025-04-16 18:00:00', '2025-04-16 18:00:00'),
(208, 'Bank Holiday', 'Sunday', '2025-08-10', '25', '2025-04-16 18:00:00', '2025-04-16 18:00:00'),
(209, 'Bank Holiday', 'Sunday', '2025-08-24', '25', '2025-04-16 18:00:00', '2025-04-16 18:00:00'),
(210, 'Bank Holiday', 'Sunday', '2025-09-14', '25', '2025-04-16 18:00:00', '2025-04-16 18:00:00'),
(211, 'Bank Holiday', 'Sunday', '2025-10-12', '25', '2025-04-16 18:00:00', '2025-04-16 18:00:00'),
(212, 'Bank Holiday', 'Sunday', '2025-11-09', '25', '2025-04-16 18:00:00', '2025-04-16 18:00:00'),
(213, 'Bank Holiday', 'Sunday', '2025-12-14', '25', '2025-04-16 18:00:00', '2025-04-16 18:00:00'),
(214, 'Bank Holiday', 'Sunday', '2025-12-28', '25', '2025-04-16 18:00:01', '2025-04-16 18:00:01'),
(215, 'Panchayatiraj Divas', 'Wednesday', '2025-03-05', '26', '2025-04-16 18:03:25', '2025-04-16 18:03:25'),
(216, 'Odisha Day', 'Tuesday', '2025-04-01', '26', '2025-04-16 18:03:25', '2025-04-16 18:03:25'),
(217, 'Maha Vishuba Sankranti', 'Sunday', '2025-04-13', '26', '2025-04-16 18:03:25', '2025-04-16 18:03:25'),
(218, 'Pahili Raja', 'Saturday', '2025-06-14', '26', '2025-04-16 18:03:25', '2025-04-16 18:03:25'),
(219, 'Raja Sankranti', 'Sunday', '2025-06-15', '26', '2025-04-16 18:03:25', '2025-04-16 18:03:25'),
(220, 'Jhulan Purnima', 'Friday', '2025-08-08', '26', '2025-04-16 18:03:25', '2025-04-16 18:03:25'),
(221, 'Nuakhai', 'Thursday', '2025-08-28', '26', '2025-04-16 18:03:25', '2025-04-16 18:03:25'),
(222, 'New Year', 'Monday', '2025-01-01', '27,30', '2025-04-17 09:30:45', '2025-04-17 09:39:20'),
(223, 'Uzhavar Thirunal', 'Thursday', '2025-01-16', '27,31', '2025-04-17 09:30:45', '2025-04-17 09:48:35'),
(224, 'Tamil New Year', 'Monday', '2025-04-14', '27', '2025-04-17 09:30:45', '2025-04-17 09:30:45'),
(225, 'Bakri Id', 'Saturday', '2025-06-07', '27', '2025-04-17 09:30:45', '2025-04-17 09:30:45'),
(226, 'Eid-e-Milad', 'Friday', '2025-09-05', '27,32', '2025-04-17 09:30:46', '2025-04-17 09:51:20'),
(227, 'Puducherry Liberation Day', 'Saturday', '2025-11-01', '27', '2025-04-17 09:30:46', '2025-04-17 09:30:46'),
(228, 'Vaisakhi', 'Sunday', '2025-04-13', '28', '2025-04-17 09:33:13', '2025-04-17 09:33:13'),
(229, 'Dr. B.R. Ambedkar Jayanti', 'Monday', '2025-04-14', '28', '2025-04-17 09:33:13', '2025-04-17 09:33:13'),
(230, 'Id-ul-Zuha / Bakrid', 'Saturday', '2025-06-07', '28', '2025-04-17 09:33:13', '2025-04-17 09:33:13'),
(231, 'Kabir Jayanti', 'Wednesday', '2025-06-11', '28', '2025-04-17 09:33:13', '2025-04-17 09:33:13'),
(232, 'Agarsain Jayanti', 'Monday', '2025-09-22', '28', '2025-04-17 09:33:14', '2025-04-17 09:33:14'),
(233, 'Mahatma Gandhi\'s Birthday', 'Thursday', '2025-10-02', '28', '2025-04-17 09:33:14', '2025-04-17 09:33:14'),
(234, 'Dussehra', 'Thursday', '2025-10-02', '28', '2025-04-17 09:33:14', '2025-04-17 09:33:14'),
(235, 'Vishwakarma Day', 'Wednesday', '2025-10-22', '28', '2025-04-17 09:33:14', '2025-04-17 09:33:14'),
(236, 'Martyrdom Day of Guru Teg Bahadur Ji', 'Tuesday', '2025-11-25', '28', '2025-04-17 09:33:14', '2025-04-17 09:33:14'),
(237, 'Shree Devnarayan Jayanti', 'Tuesday', '2025-02-04', '29', '2025-04-17 09:34:58', '2025-04-17 09:34:58'),
(238, 'Holika Dahan', 'Thursday', '2025-03-13', '29', '2025-04-17 09:34:58', '2025-04-17 09:34:58'),
(239, 'Dhulandi', 'Friday', '2025-03-14', '29', '2025-04-17 09:34:58', '2025-04-17 09:34:58'),
(240, 'Chetti Chand', 'Sunday', '2025-03-30', '29', '2025-04-17 09:34:58', '2025-04-17 09:34:58'),
(241, 'Id-ul-Fitr (End of Ramadan)', 'Monday', '2025-03-31', '29', '2025-04-17 09:34:58', '2025-04-17 09:34:58'),
(242, 'Shri Ram Navami', 'Sunday', '2025-04-06', '29', '2025-04-17 09:34:58', '2025-04-17 09:34:58'),
(243, 'Mahatma Jyotiba Phule Jayanti', 'Friday', '2025-04-11', '29', '2025-04-17 09:34:58', '2025-04-17 09:34:58'),
(244, 'Ramdev Jayanti', 'Tuesday', '2025-09-02', '29', '2025-04-17 09:34:59', '2025-04-17 09:34:59'),
(245, 'Teja Dashmi', 'Tuesday', '2025-09-02', '29', '2025-04-17 09:34:59', '2025-04-17 09:34:59'),
(246, 'Ghatasthapana', 'Monday', '2025-09-22', '29', '2025-04-17 09:34:59', '2025-04-17 09:34:59'),
(247, 'Deepavali Holiday', 'Tuesday', '2025-10-21', '29', '2025-04-17 09:34:59', '2025-04-17 09:34:59'),
(248, 'Makar Sankranti', 'Tuesday', '2025-01-14', '30', '2025-04-17 09:39:20', '2025-04-17 09:39:20'),
(249, 'Sonam Losar', 'Thursday', '2025-01-30', '30', '2025-04-17 09:39:20', '2025-04-17 09:39:20'),
(250, 'State Day', 'Friday', '2025-05-16', '30', '2025-04-17 09:39:20', '2025-04-17 09:39:20'),
(251, 'Bhanu Jayanti', 'Sunday', '2025-07-13', '30', '2025-04-17 09:39:21', '2025-04-17 09:39:21'),
(252, 'Tendong Lho Rum Faat', 'Friday', '2025-08-08', '30', '2025-04-17 09:39:21', '2025-04-17 09:39:21'),
(253, 'Hartallika Teej', 'Tuesday', '2025-08-26', '30', '2025-04-17 09:39:21', '2025-04-17 09:39:21'),
(254, 'Indra Jatra', 'Sunday', '2025-09-07', '30', '2025-04-17 09:39:21', '2025-04-17 09:39:21'),
(255, 'Lahbab Duchen', 'Tuesday', '2025-11-11', '30', '2025-04-17 09:39:21', '2025-04-17 09:39:21'),
(256, 'Tamu Losar', 'Tuesday', '2025-12-30', '30', '2025-04-17 09:39:21', '2025-04-17 09:39:21'),
(257, 'Thiruvalluvar Day', 'Wednesday', '2025-01-15', '31', '2025-04-17 09:48:35', '2025-04-17 09:48:35'),
(258, 'Annual Accounts Closing (Bank Holiday)', 'Monday', '2025-03-31', '31', '2025-04-17 09:48:35', '2025-04-17 09:48:35'),
(259, 'Bank Holiday (Accounts Closing)', 'Tuesday', '2025-04-01', '31', '2025-04-17 09:48:35', '2025-04-17 09:48:35'),
(260, 'Tamil New Year / Dr. B.R. Ambedkar Jayanti', 'Monday', '2025-04-14', '31', '2025-04-17 09:48:35', '2025-04-17 09:48:35'),
(261, 'Krishna Jayanthi', 'Saturday', '2025-08-16', '31', '2025-04-17 09:48:35', '2025-04-17 09:48:35'),
(262, 'Ayutha Pooja', 'Wednesday', '2025-10-22', '31', '2025-04-17 09:48:35', '2025-04-17 09:48:35'),
(263, 'Vijaya Dashami', 'Thursday', '2025-10-23', '31', '2025-04-17 09:48:35', '2025-04-17 09:48:35'),
(264, 'Second Saturday Bank Holiday', 'Saturday', '2025-11-01', '31', '2025-04-17 09:48:36', '2025-04-17 09:48:36'),
(265, 'Bhogi', 'Monday', '2025-01-13', '32', '2025-04-17 09:51:19', '2025-04-17 09:51:19'),
(266, 'Sankranti / Pongal', 'Tuesday', '2025-01-14', '32', '2025-04-17 09:51:19', '2025-04-17 09:51:19'),
(267, 'Ugadi', 'Saturday', '2025-03-29', '32', '2025-04-17 09:51:19', '2025-04-17 09:51:19'),
(268, 'Babu Jagjivan Ram\'s Birthday', 'Saturday', '2025-04-05', '32', '2025-04-17 09:51:19', '2025-04-17 09:51:19'),
(269, 'Dr. B.R. Ambedkar\'s Birthday', 'Monday', '2025-04-14', '32', '2025-04-17 09:51:19', '2025-04-17 09:51:19'),
(270, 'Bonalu', 'Monday', '2025-07-21', '32', '2025-04-17 09:51:19', '2025-04-17 09:51:19'),
(271, 'First Day of Bathukamma', 'Monday', '2025-09-22', '32', '2025-04-17 09:51:20', '2025-04-17 09:51:20'),
(272, 'Gandhi Jayanti / Vijaya Dashami', 'Thursday', '2025-10-02', '32', '2025-04-17 09:51:20', '2025-04-17 09:51:20'),
(273, 'Karthika Purnima / Guru Nanak Jayanti', 'Wednesday', '2025-11-05', '32', '2025-04-17 09:51:20', '2025-04-17 09:51:20'),
(274, 'Biju Festival', 'Monday', '2025-04-14', '33', '2025-04-17 10:00:55', '2025-04-17 10:00:55'),
(275, 'Bengali New Year', 'Monday', '2025-04-14', '33,36', '2025-04-17 10:00:55', '2025-04-17 10:12:23'),
(276, 'Garia Puja', 'Monday', '2025-04-21', '33', '2025-04-17 10:00:55', '2025-04-17 10:00:55'),
(277, 'Guru Rabindranath Jayanti', 'Thursday', '2025-05-08', '33,36', '2025-04-17 10:00:55', '2025-04-17 10:12:24'),
(278, 'Kazi Nazrul Islam Jayanti', 'Monday', '2025-05-26', '33', '2025-04-17 10:00:55', '2025-04-17 10:00:55'),
(279, 'Kharchi Puja', 'Thursday', '2025-07-03', '33', '2025-04-17 10:00:55', '2025-04-17 10:00:55'),
(280, 'Ker Puja', 'Saturday', '2025-07-19', '33', '2025-04-17 10:00:55', '2025-04-17 10:00:55'),
(281, 'Raksha Bandhan/ Second Saturday Bank Holiday', 'Saturday', '2025-08-09', '34,35', '2025-04-17 10:02:26', '2025-04-17 10:06:47'),
(282, 'Swami Vivekananda Jayanti', 'Sunday', '2025-01-12', '36', '2025-04-17 10:12:23', '2025-04-17 10:12:23'),
(283, 'Doljatra', 'Friday', '2025-03-14', '36', '2025-04-17 10:12:23', '2025-04-17 10:12:23'),
(284, 'Second Saturday Bank Holiday', 'Saturday', '2025-09-27', '36', '2025-04-17 10:12:24', '2025-04-17 10:12:24');

--
-- Indexes for dumped tables
--

--
-- Indexes for table `state_wise_bank_holiday`
--
ALTER TABLE `state_wise_bank_holiday`
  ADD PRIMARY KEY (`holiday_id`);

--
-- AUTO_INCREMENT for dumped tables
--

--
-- AUTO_INCREMENT for table `state_wise_bank_holiday`
--
ALTER TABLE `state_wise_bank_holiday`
  MODIFY `holiday_id` int(11) NOT NULL AUTO_INCREMENT, AUTO_INCREMENT=285;
COMMIT;

/*!40101 SET CHARACTER_SET_CLIENT=@OLD_CHARACTER_SET_CLIENT */;
/*!40101 SET CHARACTER_SET_RESULTS=@OLD_CHARACTER_SET_RESULTS */;
/*!40101 SET COLLATION_CONNECTION=@OLD_COLLATION_CONNECTION */;
